{
  "Total" : {
    "transaction" : "Total",
    "sampleCount" : 1586,
    "errorCount" : 1099,
    "errorPct" : 69.29382,
    "meanResTime" : 0.7749054224464053,
    "medianResTime" : 1.0,
    "minResTime" : 0.0,
    "maxResTime" : 27.0,
    "pct1ResTime" : 1.0,
    "pct2ResTime" : 2.0,
    "pct3ResTime" : 3.1299999999998818,
    "throughput" : 26.65098302806251,
    "receivedKBytesPerSec" : 12.166481998823727,
    "sentKBytesPerSec" : 3.605092631490506
  },
  "GET /api/logs/search" : {
    "transaction" : "GET /api/logs/search",
    "sampleCount" : 796,
    "errorCount" : 548,
    "errorPct" : 68.84422,
    "meanResTime" : 0.8027638190954772,
    "medianResTime" : 1.0,
    "minResTime" : 0.0,
    "maxResTime" : 27.0,
    "pct1ResTime" : 1.0,
    "pct2ResTime" : 2.0,
    "pct3ResTime" : 3.0299999999999727,
    "throughput" : 13.377926421404682,
    "receivedKBytesPerSec" : 6.111028464857734,
    "sentKBytesPerSec" : 1.8682065217391306
  },
  "GET /api/logs/count" : {
    "transaction" : "GET /api/logs/count",
    "sampleCount" : 790,
    "errorCount" : 551,
    "errorPct" : 69.74683,
    "meanResTime" : 0.7468354430379749,
    "medianResTime" : 1.0,
    "minResTime" : 0.0,
    "maxResTime" : 9.0,
    "pct1ResTime" : 1.0,
    "pct2ResTime" : 2.0,
    "pct3ResTime" : 4.0,
    "throughput" : 13.370341536066073,
    "receivedKBytesPerSec" : 6.099838186076228,
    "sentKBytesPerSec" : 1.7496345369461463
  }
}