{
  "Total" : {
    "transaction" : "Total",
    "sampleCount" : 1580,
    "errorCount" : 0,
    "errorPct" : 0.0,
    "meanResTime" : 1.2417721518987341,
    "medianResTime" : 1.0,
    "minResTime" : 0.0,
    "maxResTime" : 27.0,
    "pct1ResTime" : 2.0,
    "pct2ResTime" : 2.0,
    "pct3ResTime" : 3.0,
    "throughput" : 26.4838498801522,
    "receivedKBytesPerSec" : 11.181107811688094,
    "sentKBytesPerSec" : 3.582486113788364
  },
  "GET /api/logs/search" : {
    "transaction" : "GET /api/logs/search",
    "sampleCount" : 793,
    "errorCount" : 0,
    "errorPct" : 0.0,
    "meanResTime" : 1.2698612862547292,
    "medianResTime" : 1.0,
    "minResTime" : 0.0,
    "maxResTime" : 27.0,
    "pct1ResTime" : 2.0,
    "pct2ResTime" : 2.0,
    "pct3ResTime" : 3.0,
    "throughput" : 13.292210730987781,
    "receivedKBytesPerSec" : 5.620632076677451,
    "sentKBytesPerSec" : 1.8562364595031764
  },
  "GET /api/logs/count" : {
    "transaction" : "GET /api/logs/count",
    "sampleCount" : 787,
    "errorCount" : 0,
    "errorPct" : 0.0,
    "meanResTime" : 1.2134688691232531,
    "medianResTime" : 1.0,
    "minResTime" : 0.0,
    "maxResTime" : 13.0,
    "pct1ResTime" : 2.0,
    "pct2ResTime" : 2.0,
    "pct3ResTime" : 3.0,
    "throughput" : 13.273515373328161,
    "receivedKBytesPerSec" : 5.594987803798216,
    "sentKBytesPerSec" : 1.736963925806615
  }
}