{
  "Search GWPERF token" : {
    "transaction" : "Search GWPERF token",
    "sampleCount" : 202889,
    "errorCount" : 202589,
    "errorPct" : 99.852135,
    "meanResTime" : 0.2641789352798841,
    "medianResTime" : 0.0,
    "minResTime" : 0.0,
    "maxResTime" : 56.0,
    "pct1ResTime" : 1.0,
    "pct2ResTime" : 1.0,
    "pct3ResTime" : 1.0,
    "throughput" : 3386.280564132521,
    "receivedKBytesPerSec" : 1555.3292131300593,
    "sentKBytesPerSec" : 472.8887897177251
  },
  "Total" : {
    "transaction" : "Total",
    "sampleCount" : 210330,
    "errorCount" : 202589,
    "errorPct" : 96.319595,
    "meanResTime" : 0.25705795654447733,
    "medianResTime" : 0.0,
    "minResTime" : 0.0,
    "maxResTime" : 56.0,
    "pct1ResTime" : 1.0,
    "pct2ResTime" : 1.0,
    "pct3ResTime" : 1.0,
    "throughput" : 3508.950467960161,
    "receivedKBytesPerSec" : 1554.6545737423048,
    "sentKBytesPerSec" : 472.6836695406733
  },
  "UDP Syslog Send (BeanShell)" : {
    "transaction" : "UDP Syslog Send (BeanShell)",
    "sampleCount" : 7441,
    "errorCount" : 0,
    "errorPct" : 0.0,
    "meanResTime" : 0.06289477220803641,
    "medianResTime" : 0.0,
    "minResTime" : 0.0,
    "maxResTime" : 4.0,
    "pct1ResTime" : 0.0,
    "pct2ResTime" : 1.0,
    "pct3ResTime" : 1.0,
    "throughput" : 124.15737836214376,
    "receivedKBytesPerSec" : 0.0,
    "sentKBytesPerSec" : 0.0
  }
}