{"generatedAt":"2025-10-04T08:38:42Z","run":"55","commit":"470cd1d","branch":"main","thresholds":{"warnPct":5.0,"alertPct":10.0,"blockPct":20.0},"scenarios":{"Combined Parallel (BSH)":{"avg_ms":0.8501551735487299,"p95_ms":2.0,"throughput":1176.2558543586645,"err_rate":97.3722447262668,"count":622851,"errors":606484,"baseline_p95_ms":null,"delta_pct_vs_baseline_p95":null,"level":"green","note":"no baseline"},"HTTP Search":{"avg_ms":0.774905422446406,"p95_ms":2.0,"throughput":1290.480065093572,"err_rate":69.2938209331652,"count":1586,"errors":1099,"baseline_p95_ms":null,"delta_pct_vs_baseline_p95":null,"level":"green","note":"no baseline"},"Syslog UDP":{"avg_ms":0.2570579565444777,"p95_ms":1.0,"throughput":3890.1733034938134,"err_rate":96.31959302049161,"count":210330,"errors":202589,"baseline_p95_ms":null,"delta_pct_vs_baseline_p95":null,"level":"green","note":"no baseline"}},"overall":{"level":"green","badge":"OK"},"endpoints":{"GET /api/logs/search GWPERF-PARALLEL":{"avg_ms":0.8707919136196093,"p95_ms":2.0,"count":606897,"err_rate":99.93194891390137},"Search GWPERF token":{"avg_ms":0.2641789352798821,"p95_ms":1.0,"count":202889,"err_rate":99.85213589696829},"UDP Syslog Send (BeanShell)":{"avg_ms":0.06441547339175037,"p95_ms":1.0,"count":23395,"err_rate":0.0},"GET /api/logs/search":{"avg_ms":0.8027638190954773,"p95_ms":2.0,"count":796,"err_rate":68.84422110552764},"GET /api/logs/count":{"avg_ms":0.7468354430379747,"p95_ms":2.0,"count":790,"err_rate":69.74683544303798}}}