{
  "Total" : {
    "transaction" : "Total",
    "sampleCount" : 1571,
    "errorCount" : 0,
    "errorPct" : 0.0,
    "meanResTime" : 0.7301082113303625,
    "medianResTime" : 1.0,
    "minResTime" : 0.0,
    "maxResTime" : 26.0,
    "pct1ResTime" : 1.0,
    "pct2ResTime" : 1.0,
    "pct3ResTime" : 2.0,
    "throughput" : 26.351102016169612,
    "receivedKBytesPerSec" : 11.125012186965346,
    "sentKBytesPerSec" : 3.564310616131034
  },
  "GET /api/logs/search" : {
    "transaction" : "GET /api/logs/search",
    "sampleCount" : 787,
    "errorCount" : 0,
    "errorPct" : 0.0,
    "meanResTime" : 0.7534942820838618,
    "medianResTime" : 1.0,
    "minResTime" : 0.0,
    "maxResTime" : 26.0,
    "pct1ResTime" : 1.0,
    "pct2ResTime" : 1.0,
    "pct3ResTime" : 2.0,
    "throughput" : 13.25853296943967,
    "receivedKBytesPerSec" : 5.60639138258533,
    "sentKBytesPerSec" : 1.8515334127244854
  },
  "GET /api/logs/count" : {
    "transaction" : "GET /api/logs/count",
    "sampleCount" : 784,
    "errorCount" : 0,
    "errorPct" : 0.0,
    "meanResTime" : 0.7066326530612241,
    "medianResTime" : 1.0,
    "minResTime" : 0.0,
    "maxResTime" : 7.0,
    "pct1ResTime" : 1.0,
    "pct2ResTime" : 1.0,
    "pct3ResTime" : 2.0,
    "throughput" : 13.220910623946038,
    "receivedKBytesPerSec" : 5.5727959000843175,
    "sentKBytesPerSec" : 1.7300801011804385
  }
}