{
  "Total" : {
    "transaction" : "Total",
    "sampleCount" : 1592,
    "errorCount" : 0,
    "errorPct" : 0.0,
    "meanResTime" : 1.1790201005025154,
    "medianResTime" : 1.0,
    "minResTime" : 0.0,
    "maxResTime" : 26.0,
    "pct1ResTime" : 2.0,
    "pct2ResTime" : 2.0,
    "pct3ResTime" : 2.0,
    "throughput" : 26.74731182795699,
    "receivedKBytesPerSec" : 11.292357085853494,
    "sentKBytesPerSec" : 3.61797373781922
  },
  "GET /api/logs/search" : {
    "transaction" : "GET /api/logs/search",
    "sampleCount" : 798,
    "errorCount" : 0,
    "errorPct" : 0.0,
    "meanResTime" : 1.2017543859649136,
    "medianResTime" : 1.0,
    "minResTime" : 0.0,
    "maxResTime" : 26.0,
    "pct1ResTime" : 2.0,
    "pct2ResTime" : 2.0,
    "pct3ResTime" : 2.009999999999991,
    "throughput" : 13.426206339592166,
    "receivedKBytesPerSec" : 5.677292329143953,
    "sentKBytesPerSec" : 1.8749487368766404
  },
  "GET /api/logs/count" : {
    "transaction" : "GET /api/logs/count",
    "sampleCount" : 794,
    "errorCount" : 0,
    "errorPct" : 0.0,
    "meanResTime" : 1.1561712846347614,
    "medianResTime" : 1.0,
    "minResTime" : 0.0,
    "maxResTime" : 8.0,
    "pct1ResTime" : 2.0,
    "pct2ResTime" : 2.0,
    "pct3ResTime" : 2.0,
    "throughput" : 13.394062078272606,
    "receivedKBytesPerSec" : 5.6458425586201075,
    "sentKBytesPerSec" : 1.752738592273954
  }
}