{
  "Total" : {
    "transaction" : "Total",
    "sampleCount" : 1571,
    "errorCount" : 0,
    "errorPct" : 0.0,
    "meanResTime" : 1.1521323997453858,
    "medianResTime" : 1.0,
    "minResTime" : 0.0,
    "maxResTime" : 26.0,
    "pct1ResTime" : 2.0,
    "pct2ResTime" : 2.0,
    "pct3ResTime" : 2.0,
    "throughput" : 26.34579909441556,
    "receivedKBytesPerSec" : 11.122789755576052,
    "sentKBytesPerSec" : 3.563740724048298
  },
  "GET /api/logs/search" : {
    "transaction" : "GET /api/logs/search",
    "sampleCount" : 788,
    "errorCount" : 0,
    "errorPct" : 0.0,
    "meanResTime" : 1.1649746192893393,
    "medianResTime" : 1.0,
    "minResTime" : 0.0,
    "maxResTime" : 26.0,
    "pct1ResTime" : 2.0,
    "pct2ResTime" : 2.0,
    "pct3ResTime" : 2.0,
    "throughput" : 13.21571126689699,
    "receivedKBytesPerSec" : 5.588284158756247,
    "sentKBytesPerSec" : 1.8455534288733104
  },
  "GET /api/logs/count" : {
    "transaction" : "GET /api/logs/count",
    "sampleCount" : 783,
    "errorCount" : 0,
    "errorPct" : 0.0,
    "meanResTime" : 1.1392081736909316,
    "medianResTime" : 1.0,
    "minResTime" : 0.0,
    "maxResTime" : 7.0,
    "pct1ResTime" : 2.0,
    "pct2ResTime" : 2.0,
    "pct3ResTime" : 2.0,
    "throughput" : 13.188034763861753,
    "receivedKBytesPerSec" : 5.5589321881526645,
    "sentKBytesPerSec" : 1.7257779866772216
  }
}