{
  "Total" : {
    "transaction" : "Total",
    "sampleCount" : 1570,
    "errorCount" : 0,
    "errorPct" : 0.0,
    "meanResTime" : 0.8592356687898086,
    "medianResTime" : 1.0,
    "minResTime" : 0.0,
    "maxResTime" : 24.0,
    "pct1ResTime" : 1.0,
    "pct2ResTime" : 2.0,
    "pct3ResTime" : 2.0,
    "throughput" : 26.391433710433862,
    "receivedKBytesPerSec" : 11.142061189883844,
    "sentKBytesPerSec" : 3.569987728823816
  },
  "GET /api/logs/search" : {
    "transaction" : "GET /api/logs/search",
    "sampleCount" : 788,
    "errorCount" : 0,
    "errorPct" : 0.0,
    "meanResTime" : 0.8781725888324868,
    "medianResTime" : 1.0,
    "minResTime" : 0.0,
    "maxResTime" : 24.0,
    "pct1ResTime" : 1.0,
    "pct2ResTime" : 2.0,
    "pct3ResTime" : 2.0,
    "throughput" : 13.246146346383364,
    "receivedKBytesPerSec" : 5.601153679671873,
    "sentKBytesPerSec" : 1.8498036401687707
  },
  "GET /api/logs/count" : {
    "transaction" : "GET /api/logs/count",
    "sampleCount" : 782,
    "errorCount" : 0,
    "errorPct" : 0.0,
    "meanResTime" : 0.8401534526854216,
    "medianResTime" : 1.0,
    "minResTime" : 0.0,
    "maxResTime" : 7.0,
    "pct1ResTime" : 1.0,
    "pct2ResTime" : 2.0,
    "pct3ResTime" : 2.0,
    "throughput" : 13.22778172468622,
    "receivedKBytesPerSec" : 5.575679943079941,
    "sentKBytesPerSec" : 1.730979249128861
  }
}