{
  "Total" : {
    "transaction" : "Total",
    "sampleCount" : 1563,
    "errorCount" : 0,
    "errorPct" : 0.0,
    "meanResTime" : 0.9360204734484964,
    "medianResTime" : 1.0,
    "minResTime" : 0.0,
    "maxResTime" : 24.0,
    "pct1ResTime" : 1.0,
    "pct2ResTime" : 2.0,
    "pct3ResTime" : 2.0,
    "throughput" : 26.23231458637531,
    "receivedKBytesPerSec" : 11.074854352332041,
    "sentKBytesPerSec" : 3.5483917917023313
  },
  "GET /api/logs/search" : {
    "transaction" : "GET /api/logs/search",
    "sampleCount" : 784,
    "errorCount" : 0,
    "errorPct" : 0.0,
    "meanResTime" : 0.9604591836734702,
    "medianResTime" : 1.0,
    "minResTime" : 0.0,
    "maxResTime" : 24.0,
    "pct1ResTime" : 2.0,
    "pct2ResTime" : 2.0,
    "pct3ResTime" : 2.0,
    "throughput" : 13.209327402614909,
    "receivedKBytesPerSec" : 5.585584731769781,
    "sentKBytesPerSec" : 1.8446619322011053
  },
  "GET /api/logs/count" : {
    "transaction" : "GET /api/logs/count",
    "sampleCount" : 779,
    "errorCount" : 0,
    "errorPct" : 0.0,
    "meanResTime" : 0.9114249037227217,
    "medianResTime" : 1.0,
    "minResTime" : 0.0,
    "maxResTime" : 8.0,
    "pct1ResTime" : 1.0,
    "pct2ResTime" : 2.0,
    "pct3ResTime" : 2.0,
    "throughput" : 13.133714362787247,
    "receivedKBytesPerSec" : 5.536011024143105,
    "sentKBytesPerSec" : 1.7186696529428624
  }
}