{
  "Total" : {
    "transaction" : "Total",
    "sampleCount" : 1561,
    "errorCount" : 0,
    "errorPct" : 0.0,
    "meanResTime" : 0.8187059577194102,
    "medianResTime" : 1.0,
    "minResTime" : 0.0,
    "maxResTime" : 25.0,
    "pct1ResTime" : 1.0,
    "pct2ResTime" : 1.0,
    "pct3ResTime" : 2.0,
    "throughput" : 26.14740368509213,
    "receivedKBytesPerSec" : 11.039016698073702,
    "sentKBytesPerSec" : 3.537053758375209
  },
  "GET /api/logs/search" : {
    "transaction" : "GET /api/logs/search",
    "sampleCount" : 784,
    "errorCount" : 0,
    "errorPct" : 0.0,
    "meanResTime" : 0.8163265306122456,
    "medianResTime" : 1.0,
    "minResTime" : 0.0,
    "maxResTime" : 25.0,
    "pct1ResTime" : 1.0,
    "pct2ResTime" : 1.0,
    "pct3ResTime" : 2.0,
    "throughput" : 13.132328308207704,
    "receivedKBytesPerSec" : 5.55302554438861,
    "sentKBytesPerSec" : 1.8339091289782243
  },
  "GET /api/logs/count" : {
    "transaction" : "GET /api/logs/count",
    "sampleCount" : 777,
    "errorCount" : 0,
    "errorPct" : 0.0,
    "meanResTime" : 0.8211068211068215,
    "medianResTime" : 1.0,
    "minResTime" : 0.0,
    "maxResTime" : 8.0,
    "pct1ResTime" : 1.0,
    "pct2ResTime" : 2.0,
    "pct3ResTime" : 3.0,
    "throughput" : 13.084773163584924,
    "receivedKBytesPerSec" : 5.515369503805867,
    "sentKBytesPerSec" : 1.712265238203496
  }
}