{
  "Total" : {
    "transaction" : "Total",
    "sampleCount" : 1579,
    "errorCount" : 0,
    "errorPct" : 0.0,
    "meanResTime" : 0.7821405953134892,
    "medianResTime" : 1.0,
    "minResTime" : 0.0,
    "maxResTime" : 22.0,
    "pct1ResTime" : 1.0,
    "pct2ResTime" : 1.0,
    "pct3ResTime" : 2.0,
    "throughput" : 26.495511368403392,
    "receivedKBytesPerSec" : 11.186019957630673,
    "sentKBytesPerSec" : 3.5839901103280476
  },
  "GET /api/logs/search" : {
    "transaction" : "GET /api/logs/search",
    "sampleCount" : 792,
    "errorCount" : 0,
    "errorPct" : 0.0,
    "meanResTime" : 0.7941919191919197,
    "medianResTime" : 1.0,
    "minResTime" : 0.0,
    "maxResTime" : 22.0,
    "pct1ResTime" : 1.0,
    "pct2ResTime" : 1.0,
    "pct3ResTime" : 2.0,
    "throughput" : 13.295729250604351,
    "receivedKBytesPerSec" : 5.622119888195004,
    "sentKBytesPerSec" : 1.8567278152699436
  },
  "GET /api/logs/count" : {
    "transaction" : "GET /api/logs/count",
    "sampleCount" : 787,
    "errorCount" : 0,
    "errorPct" : 0.0,
    "meanResTime" : 0.770012706480305,
    "medianResTime" : 1.0,
    "minResTime" : 0.0,
    "maxResTime" : 5.0,
    "pct1ResTime" : 1.0,
    "pct2ResTime" : 1.0,
    "pct3ResTime" : 2.0,
    "throughput" : 13.27978671346371,
    "receivedKBytesPerSec" : 5.597631268666791,
    "sentKBytesPerSec" : 1.7377845894571655
  }
}