{
  "Total" : {
    "transaction" : "Total",
    "sampleCount" : 1581,
    "errorCount" : 0,
    "errorPct" : 0.0,
    "meanResTime" : 0.8235294117647068,
    "medianResTime" : 1.0,
    "minResTime" : 0.0,
    "maxResTime" : 25.0,
    "pct1ResTime" : 1.0,
    "pct2ResTime" : 2.0,
    "pct3ResTime" : 2.0,
    "throughput" : 26.536195639403147,
    "receivedKBytesPerSec" : 11.20321862569026,
    "sentKBytesPerSec" : 3.589640435388308
  },
  "GET /api/logs/search" : {
    "transaction" : "GET /api/logs/search",
    "sampleCount" : 794,
    "errorCount" : 0,
    "errorPct" : 0.0,
    "meanResTime" : 0.8400503778337526,
    "medianResTime" : 1.0,
    "minResTime" : 0.0,
    "maxResTime" : 25.0,
    "pct1ResTime" : 1.0,
    "pct2ResTime" : 2.0,
    "pct3ResTime" : 2.0,
    "throughput" : 13.326843350845095,
    "receivedKBytesPerSec" : 5.635276534097585,
    "sentKBytesPerSec" : 1.861072850752782
  },
  "GET /api/logs/count" : {
    "transaction" : "GET /api/logs/count",
    "sampleCount" : 787,
    "errorCount" : 0,
    "errorPct" : 0.0,
    "meanResTime" : 0.8068614993646753,
    "medianResTime" : 1.0,
    "minResTime" : 0.0,
    "maxResTime" : 7.0,
    "pct1ResTime" : 1.0,
    "pct2ResTime" : 2.0,
    "pct3ResTime" : 2.1200000000000045,
    "throughput" : 13.296838832851808,
    "receivedKBytesPerSec" : 5.604818995303023,
    "sentKBytesPerSec" : 1.7400160191427172
  }
}