{
  "Total" : {
    "transaction" : "Total",
    "sampleCount" : 1565,
    "errorCount" : 0,
    "errorPct" : 0.0,
    "meanResTime" : 1.11884984025559,
    "medianResTime" : 1.0,
    "minResTime" : 0.0,
    "maxResTime" : 26.0,
    "pct1ResTime" : 2.0,
    "pct2ResTime" : 2.0,
    "pct3ResTime" : 3.0,
    "throughput" : 26.266322043570206,
    "receivedKBytesPerSec" : 11.08920138422678,
    "sentKBytesPerSec" : 3.5528439272766943
  },
  "GET /api/logs/search" : {
    "transaction" : "GET /api/logs/search",
    "sampleCount" : 784,
    "errorCount" : 0,
    "errorPct" : 0.0,
    "meanResTime" : 1.1492346938775497,
    "medianResTime" : 1.0,
    "minResTime" : 0.0,
    "maxResTime" : 26.0,
    "pct1ResTime" : 2.0,
    "pct2ResTime" : 2.0,
    "pct3ResTime" : 3.0,
    "throughput" : 13.195098963242224,
    "receivedKBytesPerSec" : 5.579568213949105,
    "sentKBytesPerSec" : 1.8426749528746467
  },
  "GET /api/logs/count" : {
    "transaction" : "GET /api/logs/count",
    "sampleCount" : 781,
    "errorCount" : 0,
    "errorPct" : 0.0,
    "meanResTime" : 1.0883482714468624,
    "medianResTime" : 1.0,
    "minResTime" : 0.0,
    "maxResTime" : 8.0,
    "pct1ResTime" : 2.0,
    "pct2ResTime" : 2.0,
    "pct3ResTime" : 3.0,
    "throughput" : 13.171653118359362,
    "receivedKBytesPerSec" : 5.552014906651601,
    "sentKBytesPerSec" : 1.7236342947853072
  }
}