{"generatedAt":"2025-10-04T03:16:44Z","run":"55","commit":"470cd1d","branch":"main","thresholds":{"warnPct":5.0,"alertPct":10.0,"blockPct":20.0},"scenarios":{"Combined Parallel (BSH)":{"avg_ms":0.8675660219994134,"p95_ms":2.0,"throughput":1152.6500285193006,"err_rate":97.33028122741848,"count":610289,"errors":593996,"baseline_p95_ms":null,"delta_pct_vs_baseline_p95":null,"level":"green","note":"no baseline"},"HTTP Search":{"avg_ms":0.8954001260239446,"p95_ms":2.0,"throughput":1116.8191414496832,"err_rate":69.31316950220543,"count":1587,"errors":1100,"baseline_p95_ms":null,"delta_pct_vs_baseline_p95":null,"level":"green","note":"no baseline"},"Syslog UDP":{"avg_ms":0.2560366617059977,"p95_ms":1.0,"throughput":3905.69066686349,"err_rate":96.34564051685446,"count":211665,"errors":203930,"baseline_p95_ms":null,"delta_pct_vs_baseline_p95":null,"level":"green","note":"no baseline"}},"overall":{"level":"green","badge":"OK"},"endpoints":{"GET /api/logs/search GWPERF-PARALLEL":{"avg_ms":0.8889064600300467,"p95_ms":2.0,"count":594409,"err_rate":99.9305192216134},"Search GWPERF token":{"avg_ms":0.262718503647848,"p95_ms":1.0,"count":204230,"err_rate":99.85310679136268},"UDP Syslog Send (BeanShell)":{"avg_ms":0.06995496461505468,"p95_ms":1.0,"count":23315,"err_rate":0.0},"GET /api/logs/search":{"avg_ms":0.9484924623115578,"p95_ms":2.0,"count":796,"err_rate":68.96984924623115},"GET /api/logs/count":{"avg_ms":0.8419721871049305,"p95_ms":2.0,"count":791,"err_rate":69.65865992414665}}}