{
  "Total" : {
    "transaction" : "Total",
    "sampleCount" : 1588,
    "errorCount" : 0,
    "errorPct" : 0.0,
    "meanResTime" : 1.04911838790932,
    "medianResTime" : 1.0,
    "minResTime" : 0.0,
    "maxResTime" : 24.0,
    "pct1ResTime" : 1.0,
    "pct2ResTime" : 2.0,
    "pct3ResTime" : 2.0,
    "throughput" : 26.725907974014607,
    "receivedKBytesPerSec" : 11.283341643104784,
    "sentKBytesPerSec" : 3.615375128328116
  },
  "GET /api/logs/search" : {
    "transaction" : "GET /api/logs/search",
    "sampleCount" : 798,
    "errorCount" : 0,
    "errorPct" : 0.0,
    "meanResTime" : 1.0764411027568914,
    "medianResTime" : 1.0,
    "minResTime" : 0.0,
    "maxResTime" : 24.0,
    "pct1ResTime" : 2.0,
    "pct2ResTime" : 2.0,
    "pct3ResTime" : 2.0,
    "throughput" : 13.430273654448147,
    "receivedKBytesPerSec" : 5.679012199585984,
    "sentKBytesPerSec" : 1.8755167310410987
  },
  "GET /api/logs/count" : {
    "transaction" : "GET /api/logs/count",
    "sampleCount" : 790,
    "errorCount" : 0,
    "errorPct" : 0.0,
    "meanResTime" : 1.021518987341772,
    "medianResTime" : 1.0,
    "minResTime" : 0.0,
    "maxResTime" : 6.0,
    "pct1ResTime" : 1.0,
    "pct2ResTime" : 2.0,
    "pct3ResTime" : 2.0,
    "throughput" : 13.407100672052135,
    "receivedKBytesPerSec" : 5.651314351961849,
    "sentKBytesPerSec" : 1.7544448145068223
  }
}