{
  "Total" : {
    "transaction" : "Total",
    "sampleCount" : 1579,
    "errorCount" : 0,
    "errorPct" : 0.0,
    "meanResTime" : 0.961367954401518,
    "medianResTime" : 1.0,
    "minResTime" : 0.0,
    "maxResTime" : 26.0,
    "pct1ResTime" : 2.0,
    "pct2ResTime" : 2.0,
    "pct3ResTime" : 2.0,
    "throughput" : 26.490177328166155,
    "receivedKBytesPerSec" : 11.183768003338534,
    "sentKBytesPerSec" : 3.583268586323754
  },
  "GET /api/logs/search" : {
    "transaction" : "GET /api/logs/search",
    "sampleCount" : 792,
    "errorCount" : 0,
    "errorPct" : 0.0,
    "meanResTime" : 0.9760101010100994,
    "medianResTime" : 1.0,
    "minResTime" : 0.0,
    "maxResTime" : 26.0,
    "pct1ResTime" : 2.0,
    "pct2ResTime" : 2.0,
    "pct3ResTime" : 2.0,
    "throughput" : 13.287030046806583,
    "receivedKBytesPerSec" : 5.618441416276612,
    "sentKBytesPerSec" : 1.8555129850520913
  },
  "GET /api/logs/count" : {
    "transaction" : "GET /api/logs/count",
    "sampleCount" : 787,
    "errorCount" : 0,
    "errorPct" : 0.0,
    "meanResTime" : 0.9466327827191884,
    "medianResTime" : 1.0,
    "minResTime" : 0.0,
    "maxResTime" : 8.0,
    "pct1ResTime" : 1.0,
    "pct2ResTime" : 2.0,
    "pct3ResTime" : 2.1200000000000045,
    "throughput" : 13.257862906622194,
    "receivedKBytesPerSec" : 5.588390051970149,
    "sentKBytesPerSec" : 1.7349156537962636
  }
}