{
  "Total" : {
    "transaction" : "Total",
    "sampleCount" : 1587,
    "errorCount" : 0,
    "errorPct" : 0.0,
    "meanResTime" : 0.767485822306238,
    "medianResTime" : 1.0,
    "minResTime" : 0.0,
    "maxResTime" : 24.0,
    "pct1ResTime" : 1.0,
    "pct2ResTime" : 1.0,
    "pct3ResTime" : 2.0,
    "throughput" : 26.617691456173898,
    "receivedKBytesPerSec" : 11.237642853099526,
    "sentKBytesPerSec" : 3.6006626905756263
  },
  "GET /api/logs/search" : {
    "transaction" : "GET /api/logs/search",
    "sampleCount" : 797,
    "errorCount" : 0,
    "errorPct" : 0.0,
    "meanResTime" : 0.7728983688833121,
    "medianResTime" : 1.0,
    "minResTime" : 0.0,
    "maxResTime" : 24.0,
    "pct1ResTime" : 1.0,
    "pct2ResTime" : 1.099999999999909,
    "pct3ResTime" : 2.0,
    "throughput" : 13.367548891348832,
    "receivedKBytesPerSec" : 5.652488935501996,
    "sentKBytesPerSec" : 1.8667573158817214
  },
  "GET /api/logs/count" : {
    "transaction" : "GET /api/logs/count",
    "sampleCount" : 790,
    "errorCount" : 0,
    "errorPct" : 0.0,
    "meanResTime" : 0.7620253164556963,
    "medianResTime" : 1.0,
    "minResTime" : 0.0,
    "maxResTime" : 7.0,
    "pct1ResTime" : 1.0,
    "pct2ResTime" : 1.0,
    "pct3ResTime" : 2.0,
    "throughput" : 13.347300128404406,
    "receivedKBytesPerSec" : 5.62610743520646,
    "sentKBytesPerSec" : 1.7466193527404204
  }
}