{
  "Total" : {
    "transaction" : "Total",
    "sampleCount" : 1598,
    "errorCount" : 0,
    "errorPct" : 0.0,
    "meanResTime" : 1.1583229036295355,
    "medianResTime" : 1.0,
    "minResTime" : 0.0,
    "maxResTime" : 24.0,
    "pct1ResTime" : 2.0,
    "pct2ResTime" : 2.0,
    "pct3ResTime" : 2.0,
    "throughput" : 26.856691484176736,
    "receivedKBytesPerSec" : 11.338569940001008,
    "sentKBytesPerSec" : 3.6329155707467105
  },
  "GET /api/logs/search" : {
    "transaction" : "GET /api/logs/search",
    "sampleCount" : 802,
    "errorCount" : 0,
    "errorPct" : 0.0,
    "meanResTime" : 1.1633416458852879,
    "medianResTime" : 1.0,
    "minResTime" : 0.0,
    "maxResTime" : 24.0,
    "pct1ResTime" : 2.0,
    "pct2ResTime" : 2.0,
    "pct3ResTime" : 2.0,
    "throughput" : 13.485110890656264,
    "receivedKBytesPerSec" : 5.702200210599768,
    "sentKBytesPerSec" : 1.8831746653943806
  },
  "GET /api/logs/count" : {
    "transaction" : "GET /api/logs/count",
    "sampleCount" : 796,
    "errorCount" : 0,
    "errorPct" : 0.0,
    "meanResTime" : 1.1532663316582916,
    "medianResTime" : 1.0,
    "minResTime" : 0.0,
    "maxResTime" : 14.0,
    "pct1ResTime" : 2.0,
    "pct2ResTime" : 2.0,
    "pct3ResTime" : 2.0,
    "throughput" : 13.45913225795543,
    "receivedKBytesPerSec" : 5.6732828932907235,
    "sentKBytesPerSec" : 1.761253635318386
  }
}