{
  "Total" : {
    "transaction" : "Total",
    "sampleCount" : 1585,
    "errorCount" : 0,
    "errorPct" : 0.0,
    "meanResTime" : 1.4391167192429037,
    "medianResTime" : 1.0,
    "minResTime" : 0.0,
    "maxResTime" : 25.0,
    "pct1ResTime" : 2.0,
    "pct2ResTime" : 2.0,
    "pct3ResTime" : 3.0,
    "throughput" : 26.69069109524451,
    "receivedKBytesPerSec" : 11.268472857798397,
    "sentKBytesPerSec" : 3.6106862486107367
  },
  "GET /api/logs/search" : {
    "transaction" : "GET /api/logs/search",
    "sampleCount" : 797,
    "errorCount" : 0,
    "errorPct" : 0.0,
    "meanResTime" : 1.4604767879548295,
    "medianResTime" : 1.0,
    "minResTime" : 0.0,
    "maxResTime" : 25.0,
    "pct1ResTime" : 2.0,
    "pct2ResTime" : 2.0,
    "pct3ResTime" : 3.0,
    "throughput" : 13.421123534958912,
    "receivedKBytesPerSec" : 5.675143057262899,
    "sentKBytesPerSec" : 1.8742389311514887
  },
  "GET /api/logs/count" : {
    "transaction" : "GET /api/logs/count",
    "sampleCount" : 788,
    "errorCount" : 0,
    "errorPct" : 0.0,
    "meanResTime" : 1.4175126903553297,
    "medianResTime" : 1.0,
    "minResTime" : 0.0,
    "maxResTime" : 7.0,
    "pct1ResTime" : 2.0,
    "pct2ResTime" : 2.0,
    "pct3ResTime" : 3.0,
    "throughput" : 13.395437391629551,
    "receivedKBytesPerSec" : 5.646385898667256,
    "sentKBytesPerSec" : 1.7529185649202734
  }
}