{
  "Total" : {
    "transaction" : "Total",
    "sampleCount" : 1592,
    "errorCount" : 0,
    "errorPct" : 0.0,
    "meanResTime" : 0.7261306532663315,
    "medianResTime" : 1.0,
    "minResTime" : 0.0,
    "maxResTime" : 25.0,
    "pct1ResTime" : 1.0,
    "pct2ResTime" : 1.0,
    "pct3ResTime" : 2.0,
    "throughput" : 26.683651235292146,
    "receivedKBytesPerSec" : 11.265496803870136,
    "sentKBytesPerSec" : 3.609510005321645
  },
  "GET /api/logs/search" : {
    "transaction" : "GET /api/logs/search",
    "sampleCount" : 799,
    "errorCount" : 0,
    "errorPct" : 0.0,
    "meanResTime" : 0.7396745932415509,
    "medianResTime" : 1.0,
    "minResTime" : 0.0,
    "maxResTime" : 25.0,
    "pct1ResTime" : 1.0,
    "pct2ResTime" : 1.0,
    "pct3ResTime" : 2.0,
    "throughput" : 13.392108880024137,
    "receivedKBytesPerSec" : 5.662874165088331,
    "sentKBytesPerSec" : 1.8701870799252456
  },
  "GET /api/logs/count" : {
    "transaction" : "GET /api/logs/count",
    "sampleCount" : 793,
    "errorCount" : 0,
    "errorPct" : 0.0,
    "meanResTime" : 0.7124842370744013,
    "medianResTime" : 1.0,
    "minResTime" : 0.0,
    "maxResTime" : 7.0,
    "pct1ResTime" : 1.0,
    "pct2ResTime" : 1.0,
    "pct3ResTime" : 2.0,
    "throughput" : 13.404100674430792,
    "receivedKBytesPerSec" : 5.650067981863051,
    "sentKBytesPerSec" : 1.7540522366930917
  }
}