{
  "Total" : {
    "transaction" : "Total",
    "sampleCount" : 1587,
    "errorCount" : 1100,
    "errorPct" : 69.31317,
    "meanResTime" : 0.8954001260239464,
    "medianResTime" : 1.0,
    "minResTime" : 0.0,
    "maxResTime" : 30.0,
    "pct1ResTime" : 2.0,
    "pct2ResTime" : 2.0,
    "pct3ResTime" : 3.0,
    "throughput" : 26.66554650088213,
    "receivedKBytesPerSec" : 12.173467298160128,
    "sentKBytesPerSec" : 3.6069885218012265
  },
  "GET /api/logs/search" : {
    "transaction" : "GET /api/logs/search",
    "sampleCount" : 796,
    "errorCount" : 549,
    "errorPct" : 68.96985,
    "meanResTime" : 0.9484924623115577,
    "medianResTime" : 1.0,
    "minResTime" : 0.0,
    "maxResTime" : 30.0,
    "pct1ResTime" : 2.0,
    "pct2ResTime" : 2.0,
    "pct3ResTime" : 3.0,
    "throughput" : 13.374779467361169,
    "receivedKBytesPerSec" : 6.110001155170965,
    "sentKBytesPerSec" : 1.8677670545240694
  },
  "GET /api/logs/count" : {
    "transaction" : "GET /api/logs/count",
    "sampleCount" : 791,
    "errorCount" : 551,
    "errorPct" : 69.65866,
    "meanResTime" : 0.841972187104931,
    "medianResTime" : 1.0,
    "minResTime" : 0.0,
    "maxResTime" : 7.0,
    "pct1ResTime" : 2.0,
    "pct2ResTime" : 2.0,
    "pct3ResTime" : 2.0,
    "throughput" : 13.39588131689473,
    "receivedKBytesPerSec" : 6.11142100494513,
    "sentKBytesPerSec" : 1.7529766567030212
  }
}